,Name,Category,Distance,Address,Latitude,Longitude,Review_count,Rating
0,Shanghai Kitchen,['Shanghainese'],6,14 cours Jean Ballard,43.2929841010118,5.37450481206179,10,5.0
1,Le Bon Burger,"['Burgers', 'American']",228,24 place aux Huiles,43.2926558819198,5.37180240555722,36,4.5
2,Le Petit Flore,"['Mediterranean', 'French']",78,14 rue Corneille,43.293307,5.375469,24,5.0
3,Grumpy Cakes,"['Tea Rooms', 'Desserts', 'Salad']",82,12 rue Corneille,43.293379,5.375462,35,4.5
4,Le Grand Latin,['Italian'],104,27 rue Sainte,43.29253,5.37558,179,4.0
5,La Table du Fort,['French'],264,8 rue Fort Notre Dame,43.29274,5.37134,58,4.5
6,Le Bistrot à Vin,"['Bistros', 'Wine Bars']",127,17 rue Sainte,43.29263,5.37601,76,4.0
7,Green Bear Coffee,"['Gluten-Free', 'Vegetarian', 'Cafes']",70,17 rue Glandèves,43.2934399,5.37517,46,4.5
8,Les Panisses,"['French', 'Brasseries']",101,23 rue Sainte,43.29261,5.37571,39,4.0
9,Le Bouchon Provençal,['Restaurants'],227,6 place aux Huiles,43.29287,5.37178,39,4.0
10,Le Cercle Rouge,"['Tapas Bars', 'Corsican', 'Cocktail Bars']",374,41 rue Adolphe Thiers,43.2972899,5.38546,65,4.5
11,Sauveur,['Pizza'],430,10 rue d'Aubagne,43.295589,5.379063,132,4.5
12,La Manne,"['French', 'Mediterranean']",200,18 boulevard de la Liberté,43.300773,5.38212,12,4.5
13,Le Grain de Sable,"['Vegetarian', 'French']",333,34 Rue Baignoir,43.29952,5.37744,47,4.5
14,Le Comptoir Dugommier,['Brasseries'],62,14 bd Dugommier,43.29869,5.38089,24,4.0
15,La Caravelle,"['Bars', 'Provencal']",872,34 quai du Port,43.296302648832,5.37139641627038,262,4.0
16,Ghomrassen,['Moroccan'],76,21 bd Dugommier,43.29863,5.38076,10,4.5
17,Le Corto,"['Tapas/Small Plates', 'French', 'Mediterranean']",837,24 place Notre-Dame du Mont,43.2917571,5.3842254,65,4.5
18,La Boîte à Sardine,['Seafood'],378,2 boulevard de la Libération,43.29925,5.38618,39,4.0
19,Burger and Coffee,"['Burgers', 'Bagels']",203,11 rue Théâtre Français,43.29734,5.38244,41,3.5
20,La Cantine de Nour d'Egypte,['Egyptian'],304,10 rue Bernex,43.3009903,5.3881795,23,4.5
21,Chez Simone,['French'],225,23 cours Franklin Roosevelt,43.29897,5.38744,12,4.5
22,Café Vian,"['Wine Bars', 'Provencal', 'Barbeque']",597,12 rue Vian,43.29443,5.38383,119,4.5
23,Casa No Name,"['French', 'Mediterranean']",631,7 rue André Poggioli,43.29405,5.38541,30,4.5
24,L'Hippocampe,"['Seafood', 'Mediterranean']",29,14 quai du Port,43.296557,5.373062,13,4.0
25,Vinonéo,"['French', 'Wine Bars', 'Mediterranean']",309,6 place Daviel,43.2977099227985,5.36929702883606,56,4.5
26,Déjeuner en Ville,['Bistros'],59,5 rue de la République,43.2969,5.37363,21,4.5
27,Miramar,['Seafood'],40,12 quai du Port,43.2965,5.373197,143,3.5
28,Une Table au Sud,['Mediterranean'],75,1 Rue République,43.2963958166187,5.37366704830174,48,4.0
29,La Kahena,"['Arabic', 'Mediterranean']",113,2 rue de la République,43.296495,5.3742438,68,3.5
30,Le Bocal,['French'],144,58 Quai Du Port,43.29621,5.37132,23,4.0
31,Toinou,"['Seafood', 'Seafood Markets']",161,3 cours Saint-Louis,43.29612,5.37825,217,3.5
32,Le Café de la Banque,"['Brasseries', 'Bars', 'Breakfast & Brunch']",371,24 bd Paul Peytral,43.29022,5.37866,65,4.5
33,Pouce,"['Tea Rooms', 'Mediterranean']",248,95 bd Longchamp,43.30261,5.39091,15,4.0
34,Teavora,"['Tea Rooms', 'Shopping', 'Restaurants']",243,65 boulevard Longchamp,43.302143,5.38954,97,4.0
35,Palais Longchamp,['Museums'],447,Place Henri Dunant,43.304251217793,5.3943953234515,81,4.5
36,La Table Cinq,['French'],696,8 avenue des Chartreux,43.30304,5.39733,45,4.5
37,Le Débouché,"['Wine Bars', 'French']",318,3 bd National,43.30155,5.38749,20,4.5
38,La Garbure,['French Southwest'],1106,9 cours Julien,43.29527,5.3829,110,4.5
39,Ummagumma,"['French', 'Tapas/Small Plates']",1141,26 rue des Trois Rois,43.29424,5.384759,78,4.5
40,Le Phénicia,['Middle Eastern'],168,187 bd de la Libération,43.30185,5.39373,40,4.0
41,Le Petit Nice Passedat,"['French', 'Seafood']",844,17 rue des Braves,43.280125,5.352096,154,4.0
42,Basilique Notre-Dame de la Garde,"['Churches', 'Landmarks & Historical Buildings']",1196,Rue Fort du Sanctuaire,43.283955,5.371235,197,4.5
43,Corniche Kennedy,"['Landmarks & Historical Buildings', 'Hiking']",131,Corniche John Fitzgerald,43.2753878035253,5.35979576450515,29,4.5
44,L'Epuisette,"['French', 'Mediterranean']",1317,156 Rue Vallon Des Auffes,43.28514,5.35036,145,4.5
45,L'Eau à la Bouche,['Pizza'],1143,120 corniche du Président Kennedy,43.28291,5.35037,52,4.0
46,Le Sunset,"['Brasseries', 'Bistros']",99,315 corniche Kennedy,43.27558,5.35984,8,4.0
47,Le Parc Valmer,['Parks'],502,275 corniche John Fitzerald Kennedy,43.27803,5.35529,19,4.5
48,Zia Concetta,"['Trattorie', 'Imported Food']",107,315 corniche Kennedy,43.2755997,5.3599532,7,3.5
49,Le Comptoir Marseillais,"['Bars', 'Tapas Bars', 'Mediterranean']",1322,5 Promenade Georges Pompidou,43.2675,5.37222,59,3.5
50,Le Rhul,"['Seafood', 'French']",808,269 Corniche Kennedy,43.270596,5.367413,50,3.5
51,Carmine,['Italian'],317,134 quai du Port,43.296061,5.36774,54,4.0
52,Bobolivo,"['Brasseries', 'Bistros', 'French']",337,29 rue Caisserie,43.29676,5.36694,59,4.0
53,Le Café des Épices,['French'],164,4 rue du Lacydon,43.29689,5.36919,112,3.5
54,Au Bout du Quai,"['French', 'Mediterranean']",195,1 avenue St Jean,43.29549,5.36496,65,4.0
55,La Nautique,"['French', 'Seafood', 'Mediterranean']",357,20 quai de Rive Neuve,43.2934859745132,5.37051770435187,60,4.0
56,Damdy's,"['Vegan', 'Vegetarian', 'Juice Bars & Smoothies']",33,148 bis quai du Port,43.296032,5.367379,14,4.5
57,Vanille Noire,['Ice Cream & Frozen Yogurt'],188,13 rue Caisserie,43.2972984,5.36871,43,4.5
58,Le Souk,['Moroccan'],95,98 quai Port,43.29606,5.36853,25,4.0
59,Bar des 13 Coins,"['Bars', 'Cafes', 'Mediterranean']",253,45 rue Sainte-Françoise,43.299392,5.366495,36,4.0
60,Côté Rue,['French'],30,14 Rue St Pons,43.297341879079,5.3661457212746,19,4.5
61,Au Lamparo,['Mediterranean'],45,4 place de Lenche,43.29757,5.36582,44,3.5
62,César Place,"['Modern European', 'French', 'Farmers Market', 'Mediterranean']",64,21 place aux Huiles,43.29283,5.372,131,4.0
63,La Côte de Boeuf,"['Barbeque', 'Steakhouses', 'Provencal']",123,35 cours Honoré d'Estienne d'Orves,43.29227,5.37219,195,4.0
64,Nul Part Ailleurs,['Provencal'],93,18 quai Rive Neuve,43.2931621,5.3704376,145,3.5
65,Douceur Piquante,"['French', 'African']",107,17 rue de l'Eveché,43.298262,5.365831,10,4.0
66,Centre de la Vieille Charité,"['Landmarks & Historical Buildings', 'Museums']",217,2 rue de la Charité,43.30013,5.36777,47,4.5
67,Le Clan des Cigales,['Mediterranean'],257,8 rue Petit Puits,43.3000104571308,5.36852718837072,18,4.0
68,Le Taxi Brousse,"['Dance Clubs', 'African']",296,21 rue Observance,43.30096,5.3675,35,3.5
69,MuCEM,['Museums'],255,7 promenade Robert Laffont,43.296824,5.360513,70,4.0
70,Le Glacier du Roi,"['Ice Cream & Frozen Yogurt', 'Tea Rooms', 'Desserts']",277,4 place de Lenche,43.29755,5.36589,56,4.0
71,Treize en Vue,"['Bistros', 'French']",366,40 rue de Breteuil,43.28937,5.37619,45,4.5
72,La Cantine,['Mediterranean'],296,27 cours Honoré d'Estienne d'Orves,43.29244,5.37274,108,4.0
73,Bistro du Cours,['Bistros'],186,13 cours Julien,43.295178,5.383073,66,4.5
74,L'Oléas,"['Mediterranean', 'French']",228,27 cours Julien,43.29447,5.38294,54,4.0
75,La Marche à Suivre,['French'],260,12 rue Vian,43.29464,5.383689,124,4.0
76,La Table de l'Olivier,['Modern European'],502,56 Rue Mazenod,43.30466,5.36631,29,4.5
77,Le Perroquet Bleu,"['Brasseries', 'Tapas/Small Plates']",450,72 bd des Dames,43.30245,5.36955,24,3.5
78,Noodles Chôp,"['Mediterranean', 'Asian Fusion']",370,57 rue de Forbin,43.304821,5.367957,3,4.5
79,Big Fernand,['Burgers'],501,10 place de la Joliette,43.305346,5.366118,23,3.5
80,Chez Ida,"['French', 'Karaoke']",178,7 Rue Ferdinand Rey,43.2937810155134,5.38633754860625,31,4.5
81,WAAW,"['Party & Event Planning', 'Bistros']",171,17 rue Pastoret,43.2938186,5.3849285,29,4.0
82,Yoj By Yoji,['Japanese'],166,9 quai du Lazaret,43.3090467,5.3664055,12,3.5
83,Simply Food,['Fast Food'],141,35 Boulevard Dunkerque,43.30785,5.36798,12,3.0
84,Beef House,"['American', 'Barbeque', 'Burgers']",433,9 quai du Lazaret,43.306098991496,5.364997826999,33,3.0
85,Friterie Werner & Co,"['Belgian', 'Fast Food']",1030,9 Rue Guy Mocquet,43.3137,5.3795,30,4.0
86,Ambassade de Bretagne,"['Breakfast & Brunch', 'Brasseries']",388,10 place de la Joliette,43.3060246048047,5.36612899161605,10,3.5
87,BO&CO,['French'],387,232 bd de Paris,43.3155241,5.3669746,7,4.0
88,Chez Sylvie,['French'],243,84 rue de Ruffi,43.31426,5.36971,2,4.0
89,Babel Med Music,"['Festivals', 'Local Flavor', 'Music Venues']",335,12 rue Urbain V,43.31548,5.36848,7,3.5
90,Le Roy René,"['Brasseries', 'Seafood']",707,9 quai du Lazaret,43.306958,5.363688,11,3.5
91,L'Escale des Docks,['French'],273,234 Boulevard Paris,43.31584,5.36673,7,3.0
92,L'Anse du Panier,"['French', 'Bars']",33,16 rue Jean François Lecas,43.302133,5.365963,5,4.5
93,Viens Attendre,['Cafes'],295,Quai A,43.3017342,5.3805139,13,4.0
94,Frac Paca,['Museums'],32,20 bd de Dunkerque,43.30576,5.36753,5,5.0
95,Le Comptoir des Docks,['Tapas/Small Plates'],26,10 place de la Joliette,43.305619,5.365965,7,4.0
96,Panasia,['Pan Asian'],37,10 place de la Joliette,43.305445,5.365944,6,3.5
97,Be Organic - Be O,"['Vegan', 'Wine Bars', 'Delicatessen']",34,10 place de la Joliette,43.3055973,5.36605242394262,4,3.5
98,L'Ecomotive,"['Cafes', 'Shared Office Spaces']",372,2 place des Marseillaises,43.3014322,5.380514,12,4.0
99,La Cantine du Midi,['French'],770,36 rue Bernard,43.3107213,5.3871257,10,4.5
100,Rouge Belle de Mai,"['French', 'Jazz & Blues']",760,47 rue Fortuné Jourdan,43.311361,5.387022,19,4.5
101,Bar du Moulin,['Bars'],34,8 Rue Loubon,43.31123,5.37802,1,2.0
102,Le Quai Gourmand,['Mediterranean'],1341,26 Rue Mazenod,43.302727,5.365713,12,4.5
103,Hfc,['Fast Food'],32,356 métro national,43.3137703,5.3744702,4,3.5
104,Le Fournil National,['Bakeries'],33,386 bd National,43.31471,5.37307,1,3.0
105,Coco Loco,"['Burgers', 'Pizza', 'American']",635,207 boulevard de Plombières,43.318461,5.379151,14,4.0
106,Les Grandes Tables,['French'],281,41 rue Jobin,43.310342440269,5.39016813491821,58,3.5
107,Pâtisserie B et F Giner La Gourmandine,['Bakeries'],66,8 Place Bernard Cadenat,43.3118666,5.3864447,6,5.0
108,Chez Claire,['Seafood'],112,12 rue d'Orange,43.31263,5.3864,4,4.5
109,La Salle des Machines,"['Cafes', 'Bookstores', 'Sandwiches']",280,41 rue Jobin,43.3096313,5.3903298,5,3.5
110,Parc Longchamp,['Parks'],994,Boulevard Jardin Zoologique,43.304587,5.394667,22,4.0
111,Studio 37,['French'],57,37 rue Guibal,43.30753,5.3872,25,3.0
112,Greendeliss,"['Desserts', 'Salad', 'Soup']",248,11 avenue du Maréchal Foch,43.30201,5.39782,13,4.0
113,Riz D'or,['Chinese'],74,21 ave des Chartreux,43.3036385,5.3976998,21,4.5
114,La Fournée d'Inès,['Bakeries'],60,2 Boulevard Jardin Zoologique,43.30384,5.39707,25,4.0
115,Le Jardin des Arts,['French'],474,53 Rue Marx Dormoy,43.30004,5.39683,57,4.0
116,Café Zenji,"['Coffee & Tea', 'Japanese', 'Pan Asian']",628,24 rue Granoux,43.2987,5.39882,23,4.5
117,Liban Express,['Lebanese'],533,12 boulevard de Roux,43.307536,5.402811,10,4.5
118,Pavillon de Partage des Eaux,['Landmarks & Historical Buildings'],22,Avenue des Chutes Lavie,43.309154,5.396775,1,5.0
119,Coté Sud,"['French', 'Italian']",277,28 rue Maréchal Fayolle,43.30094,5.39844,46,4.5
120,Kim-Do,['Japanese'],221,4 rue Capazza,43.30087,5.40033,155,4.0
121,Subway,"['Fast Food', 'Sandwiches']",26,64 boulevard de la Blancarde,43.3027572081859,5.40046930290225,1,4.0
122,Le Citronnier,"['French', 'International', 'South African']",440,2 rue Elemir Bourges,43.2988,5.40105,15,5.0
123,Restaurant des Chutes Lavie,['French'],312,45 avenue des Chutes Lavie,43.315776,5.39864,17,4.0
124,Capo Rosso,['French'],927,30 bd Verd,43.3169975726422,5.40710806846619,14,4.0
125,Les Deux Soeurs,['Mediterranean'],381,48 rue Pautrier,43.31109,5.39326,10,3.5
126,Prinderre,['Butcher'],223,49 Boulevard Pardigon,43.311391,5.3959427,2,4.5
127,Hong-Kong  2,['Vietnamese'],39,2 Place Edmond Audran,43.30909,5.40176,4,4.0
128,Le Bistrot Marseillais,['Bistros'],15,49 bd Arras,43.30923,5.40144,5,3.5
129,Céréalia,['Bakeries'],38,7 place Edmond Audran,43.30963,5.4013799,8,3.0
130,Cérealia,['Bakeries'],34,7 Place Edmond Audran,43.309652,5.4012558,4,4.0
131,La Table de Guy Bistro Créole,"['Caribbean', 'Tapas/Small Plates']",154,145 ave des Chartreux,43.3083401,5.40016,10,3.0
132,Théâtre des Chartreux,"['Performing Arts', 'Bars', 'Music Venues']",314,105 ave des Chartreux,43.30683,5.39961,4,4.5
133,Subway,['Sandwiches'],37,62 ave de Saint-Just,43.3167970445435,5.40463521982721,1,3.0
134,Bella Italia,['Fast Food'],78,4 Boulevard Lambert,43.3166672,5.4053222,2,4.0
135,Brasserie Le Matys,"['Restaurants', 'Nightlife']",203,3 Rue Alphonse Daudet,43.3178422,5.4061173,1,4.0
136,La Cabane à Pizzas,['Pizza'],768,208 avenue Montolivet,43.31263,5.41204,5,4.5
137,C'est de Famille,"['Home Decor', 'Tea Rooms', 'Gluten-Free']",827,2 bd Dauzac,43.30913,5.40433,2,5.0
138,La Cuisine du Dôme,['Bistros'],192,3 rue Alphonse Daudet,43.3178107038846,5.4059589353499,1,3.0
139,Carry Nation,['Cocktail Bars'],177,,43.2879836595775,5.37209987640381,43,4.5
140,Wadina,"['Lebanese', 'Halal', 'Vegetarian']",308,133 Rue Breteuil,43.286314,5.377496,94,4.5
141,Sushi Street Café,"['Sushi Bars', 'Japanese']",260,24 boulevard Notre Dame,43.289185,5.372774,101,4.0
142,Spok Notre Dame,['Fast Food'],24,67 bd Notre Dame,43.286944,5.374085,8,4.5
143,L'Escapade Marseillaise,['Mediterranean'],436,134 rue Paradis,43.2876251243622,5.37909351534427,58,4.5
144,Le Bistrot Asiatique,['Pan Asian'],288,54 rue Breteuil,43.2886423,5.376501,12,4.5
145,O'Pakistan,"['Pakistani', 'Indian']",124,11 rue des Trois Rois,43.29412,5.38475,186,4.0
146,Wasabi,['Japanese'],841,26 rue du Rouet,43.28444,5.38544,45,4.5
147,La Tarraillette,"['French', 'Lyonnais', 'Wine Bars']",302,59 bd Eugène Pierre,43.29635,5.3907,65,3.5
148,La Grand Baie,"['Caribbean', 'Reunion']",85,28 cours Gouffé,43.28593,5.3872799,36,4.0
149,Relais Corse,"['Corsican', 'Wine Bars', 'Tapas Bars']",363,49 avenue du Prado,43.283442,5.38562,45,4.0
150,La Fontaine,['Moroccan'],223,31 Avenue Jules Cantini,43.28469,5.38592,22,4.0
151,KYO,"['Japanese', 'Sushi Bars']",257,15 avenue du Prado,43.284737,5.384893,44,4.0
152,La Folie du Burger,"['Burgers', 'Fast Food']",106,5 ave de Toulon,43.2859116,5.3858299,15,4.0
153,Massena Café,['Cafes'],238,1 avenue Jules Cantini,43.28567,5.38413,66,3.5
154,Vapiano,['Italian'],325,20 avenue du Prado,43.28446,5.38417,85,3.5
155,Topolino Pizza,['Pizza'],47,102 boulevard de la Libération,43.301,5.39143,10,4.0
156,La Tasca,"['Tapas/Small Plates', 'Cocktail Bars']",167,102 rue Ferrari,43.29318,5.39163,386,4.0
157,El Picoteo,"['Spanish', 'Tapas/Small Plates']",318,53 rue Saint Pierre,43.293129,5.3893099,12,4.0
158,Sushiqui,['Japanese'],244,31 Rue Goudard,43.29399,5.39418,8,4.5
159,Waroeng Bali,"['Indonesian', 'Pan Asian']",230,15 rue du Docteur Escat,43.2837449424109,5.38364614160743,20,4.0
160,Urban Kitchen,"['French', 'Bars', 'Breakfast & Brunch']",322,23 avenue de Corinthe,43.28341,5.39032,18,4.0
161,Seiiki Leyen,"['Japanese', 'Sushi Bars']",138,60 avenue du Prado,43.283,5.385,324,3.0
162,Le Capriccio,"['Pizza', 'Italian']",52,70 bd Camille Flammarion,43.30579,5.39303,28,4.0
163,Observatoire de Marseille - Planétarium,['Museums'],30,Impasse Plateau longchamp,43.305829,5.393389,3,4.0
164,Les Quatre Epices,['French'],50,30 Boulevard Georges Clemenceau,43.2991311,5.3972236,30,4.0
165,The Black Unicorn,['Pubs'],358,176 bd Chave,43.295498398078,5.3965099990434,63,4.0
166,Coogee,['Coffee & Tea'],368,100 boulevard Baille,43.287629,5.390766,73,4.5
167,Café Thaï,['Thai'],596,136 rue Rouet,43.279105,5.391742,157,4.0
168,Le Goût des Choses,['French'],983,4 place Notre-Dame du Mont,43.29155,5.38485,58,4.0
169,Le Patio du Prado,['French'],735,9 Rue Borde,43.27826,5.38898,18,5.0
170,Cyprien,['French'],367,56 avenue Toulon,43.28543,5.38744,32,3.5
171,PechaKucha,"['Party & Event Planning', 'Beaches']",166,,43.3141873579581,5.38295745849609,1,4.0
172,Le Cafe du Theatre,['Cafes'],58,3 place Placide Caffo,43.31301,5.3846299,1,4.0
173,Chez Roger - Bar Aéro,"['Bars', 'Breakfast & Brunch', 'Music Venues']",108,151 Rue Loubon,43.31315,5.386034,1,4.0
174,Le Pallavicini,"['Pizza', 'Food Delivery Services']",259,16 rue Madon,43.2928993,5.4000491,8,4.0
175,KFC,"['Fast Food', 'Chicken Shop']",276,114 boulevard de Plombières,43.317285,5.382382,1,1.0
176,Freddy,"['Italian', 'Pizza']",172,140 rue Sainte-Cécile,43.2888534287623,5.39834034854891,12,4.5
177,Pizza Zazza,['Pizza'],139,244 boulevard Baille,43.289611,5.398006,11,4.0
178,TA&CO,"['Mexican', 'Latin American']",62,198 boulevard Baille,43.288973,5.395759,4,4.5
179,Le Troquet,"['Bars', 'French']",16,17 place Pierre Roux,43.285828,5.394834,5,4.0
180,Bistrot Alexandre,['Provencal'],969,31 bd Charles Moretti,43.324891,5.382679,13,4.0
181,Bistrot Alexandre,"['Modern European', 'French']",997,Station Alexandre,43.32546,5.38108,2,4.5
182,La Jonque Viet,['Chinese'],84,28 rue Maréchal Fayolle,43.3004,5.39844,19,4.0
183,Restaurant Pizzeria Chez Dédé,['Pizza'],163,60 rue George,43.296,5.39775,21,4.0
184,Mc Donald's,"['Burgers', 'Fast Food']",20,75 bd de la Blancarde,43.2956641645398,5.39988475300423,6,2.0
185,Il Piccolo,['Italian'],37,187 bd Baille,43.2901624776528,5.39931854974146,12,4.0
186,Spok,['Sandwiches'],142,1 rue Crillon,43.2900886754506,5.39793033743535,6,4.0
187,Le Majestic,['Vietnamese'],274,211 rue Saint-Pierre,43.2925257,5.3978772,17,4.0
188,Hedonia,['Coffee & Tea'],35,222 rue Saint Pierre,43.29244,5.40092,4,4.5
189,Hoang,"['Chinese', 'Vietnamese']",227,73 bd Jeanne d'Arc,43.2934566832718,5.40375235519059,7,4.0
190,L'Horloge du Cap Est,"['French', 'Breakfast & Brunch', 'Cafes']",585,10 boulevard Fernand Bonnefoy,43.2819252,5.4007871,9,5.0
191,Simba Pizzas,"['Pizza', 'Sandwiches']",131,83 Avenue Des Chartreux,43.30608,5.39948,3,4.5
192,Italia Pizza,['Pizza'],86,35 rue de la Carrière,43.31957,5.38248,2,4.5
193,Il Topolino,['Restaurants'],39,59 Chemin De L Argile,43.28113,5.39649,4,4.5
194,Parc du 26ème Centenaire,['Parks'],130,Avenue de Corinthe,43.280618,5.395023,59,4.0
195,La Villa,"['French', 'Seafood', 'Pizza']",1176,113 rue Jean Mermoz,43.2728089,5.3870643,131,3.5
196,Bar des Amis,['Restaurants'],184,41 boulevard Burel,43.3162,5.38884,1,4.0
197,Mazza Le Fournil du Burel,['Bakeries'],267,56 rue Docteur Léon Perrin,43.31527,5.38916,1,4.0
198,Au quai 68,"['Cafes', 'Sandwiches', 'Coffee & Tea']",81,336 bd Chave,43.29603,5.40505,4,4.5
199,Pizza Florentina,['Pizza'],147,376 rue Saint-Pierre,43.2914515705657,5.41007347420498,5,4.0
200,KFC,"['Fast Food', 'Chicken Shop']",1085,Centre Commercial Le Merlan,43.32955,5.40269,1,5.0
201,La Table du Boulanger,"['Bakeries', 'Restaurants']",495,161 Chemin Gibbes,43.3257,5.38339,3,3.0
202,Le Comptoir de la Palmeraie,['French'],406,22 bd Charles Moretti,43.32437,5.3839,2,3.0
203,Le Fiacre 26 Rue Broussant 30600 Vauvert,['Restaurants'],410,Avenue Sainte-Marthe,43.3272624,5.3876823,1,4.0
204,Coquillages Henry,"['Seafood', 'Seafood Markets']",12,2 Rue Montaigne,43.30425,5.41303,13,4.0
205,Azumi Sushi,"['Sushi Bars', 'Food Delivery Services', 'Japanese', 'Fast Food']",82,49 ave de St Barnabé,43.30416,5.41188,19,4.5
206,Chez Jean-Louis,"['Pizza', 'French']",224,29 ave de Saint-Julien,43.30471,5.41558,24,4.0
207,Shangai Express,['Fast Food'],190,19 ave de Saint Julien,43.30458,5.41519,17,4.0
208,Le Terminus,['Brasseries'],461,2 place du Caire,43.303731,5.418572,26,4.0
209,Sushi Shop,"['Sushi Bars', 'Japanese']",82,1 ave Saint Julien,43.3045006,5.4138799,9,3.0
210,Boulangerie Montaigne,['Bakeries'],242,109 Rue Montaigne,43.30405,5.4159,4,4.5
211,Coquillages Henry Dégustation,['Seafood'],202,21 Avenue de Saint Julien,43.304603,5.415341,4,3.0
212,Brasserie du Village,['Brasseries'],113,7 Rue Léon Meisserel,43.30485,5.41855,14,3.5
213,La Fournée de St Barnabé Guyalex,['Bakeries'],127,128 Rue Montaigne,43.30383,5.41715,2,5.0
214,Rabellino Victorien,['Bakeries'],270,33 Rue Montaigne,43.30412,5.41541,2,5.0
215,Abed,"['Bakeries', 'Grocery']",133,1 rue Cade,43.33157,5.38966,1,3.0
216,La Maison de la Glace,['Ice Cream & Frozen Yogurt'],877,719-720 Immeuble les Arnavaux,43.3379,5.38315,169,3.0
217,Eglise Sainte-Marthe,"['Bakeries', 'Religious Organizations']",1063,Plateau de l'Eglise,43.3386944,5.3957915,1,4.0
218,Adriatic,['French'],446,8 boulevard du Commandant Finat-Duclos,43.33211,5.38411,1,3.0
219,Black Stone,"['Pubs', 'Pizza', 'Brasseries']",410,10 boulevard Gustave Ganay,43.2655423240019,5.39885479933628,11,4.0
220,La Cité Radieuse,['Landmarks & Historical Buildings'],868,280 boulevard Michelet,43.2617682,5.3969336,23,4.5
221,Set Marseille,"['Sports Clubs', 'French']",999,265 av de Mazargues,43.2620968,5.3933205,33,4.0
222,L'Olympe,['Restaurants'],119,28 Boulevard de Sainte Marguerite,43.268986,5.403107,5,4.0
223,Le Ventre de l'Architecte,['French'],911,280 boulevard Michelet,43.2612291931319,5.39625519577949,118,3.5
224,La Terrasse de Domino,['Mediterranean'],280,1 bd Paul Claudel,43.2683,5.40612,17,4.0
225,La Table de l'Empereur,['Vietnamese'],338,101 Boulevard Sainte-Marguerite,43.268114,5.406864,16,4.0
226,RICO,"['Mexican', 'Tex-Mex', 'Fast Food']",137,19 boulevard de Sainte-Marguerite,43.268982,5.403635,1,4.0
227,Le Pacifique 4,"['Buffets', 'Pan Asian']",1184,210 bd Romain Rolland,43.27408,5.41466,12,4.0
228,Salon des Tendances Créatives,['Local Flavor'],169,Parc Chanot,43.2729988,5.3968201,6,3.0
229,Au Moulin Doré,['Bakeries'],423,103 Rue Alphonse Daudet,43.3206731,5.4098525,1,5.0
230,Sushiwest,['Japanese'],1045,61 rue Saint Just,43.3167686,5.4155002,3,3.0
231,Le Mille Pâtes,['Italian'],1120,Av des Chutes Lavies,43.3152838,5.3982182,1,4.0
232,Roger Gozlan,"['Pizza', 'Italian']",561,40 Rue Alphonse Daudet,43.3184664,5.4072598,1,4.0
233,Rapido Burger,"['Food Delivery Services', 'Fast Food']",13,167 Avenue de la capelette,43.279945,5.416453,2,3.5
234,Dragon d'Asie,['Asian Fusion'],86,11 Boulevard Pont De Vivaux,43.27953,5.41751,4,4.5
235,La Chocolatine,['Bakeries'],88,2 Rue François Mauriac,43.27921,5.41698,1,3.0
236,camion pizza,"['Pizza', 'Fast Food']",431,bd du pont de vivaux,43.2809,5.4218,1,5.0
237,Bar Tabac du Pont,['Tabac'],69,92 avenue Capelette,43.2796044,5.4173301,6,1.5
238,Bar Central,"['Restaurants', 'Bars']",133,29 Boulevard Pont de Vivaux,43.2798446,5.4182605,1,2.0
239,BS Diffusion,"['Discount Store', 'Appliances', 'Bakeries']",490,107 bd Pont de Vivaux,43.28113,5.42234,5,3.0
240,La Route des Epices,['French'],681,189 Avenue Capelette,43.2805087,5.4082396,5,3.5
241,New Jamin,"['Burgers', 'Salad', 'Sandwiches']",517,14-16 rue des Forges,43.2792,5.41032,1,1.0
242,Boulangerie Marie Blachère,['Bakeries'],45,7 rue Gaston de Flotte,43.2959275556507,5.42295355349779,1,4.0
243,Les Salons de la Boiseraie,['French'],336,2 rue Gaston de Flotte,43.29679,5.4267,2,4.0
244,Le 626,"['Pizza', 'Italian']",636,626 Rue St Pierre,43.2901564,5.4256597,2,5.0
245,promopizza,['Italian'],739,résidence le vendôme,43.298479,5.431102,1,5.0
246,Pizza Première,"['Pizza', 'Food Delivery Services']",1338,36 boulevard de la Fédération,43.3121,5.40277,1,4.0
247,Le Fournil de la Rose,"['Windows Installation', 'Bakeries']",1011,94 Avenue Rose,43.326943,5.4232044,2,5.0
248,Sushi Red,"['Sushi Bars', 'Pan Asian']",1088,210 avenue de la rose,43.32769,5.42346,2,4.5
249,Parc de la Moline,"['Botanical Gardens', 'Parks']",468,Avenue de Montolivet,43.315837,5.415354,1,5.0
250,Mille et Une Saveurs,['Bakeries'],725,383 avenue Montolivet,43.31824,5.4237399,3,4.0
251,Le Kenji,"['Vietnamese', 'Pan Asian']",1024,18 avenue de la Figone,43.30768,5.43711,10,4.5
252,Cthaï,['Thai'],692,78 avenue du 24 avril 1915,43.3079423,5.4322673,11,4.0
253,Sushi and Wok,"['Japanese', 'Pan Asian']",1101,32 Avenue Frédéric Mistral,43.31025,5.43606,10,4.0
254,Julien et Barnabé,['French'],468,123 ave de Saint-Julien,43.3071709,5.4231701,3,3.5
255,City d'Asie,['Fast Food'],950,74 avenue St Jérôme,43.33153,5.41941,4,4.5
256,King Hallal,['Butcher'],643,73 Avenue Alexandre Ansaldi,43.3309059,5.4045734,1,3.0
257,Pizza Nord Chez Bibi,"['Pizza', 'Italian']",463,72 Chemin Merlan À La Rose,43.3302,5.4128,1,1.0
258,Le Panetier,['Bakeries'],918,90 ave de Saint Jerome,43.33101,5.41951,1,3.0
259,La Fiesta des Délices,['Creperies'],873,Centre commercial Merlan,43.3300632,5.4002038,1,1.0
260,Le Frog,"['Pizza', 'Sandwiches']",188,20 ave Bois Luzy,43.31094,5.42198,1,5.0
261,Boulangerie L'Atelier,"['Caterers', 'Bakeries']",346,3 Ave du 24 Avril 1915,43.30779,5.42584,5,3.5
262,Le parc de la Moline,['Parks'],224,Bd Marius Richard,43.3157501,5.4249001,3,4.0
263,Thomas Philippe,['Bakeries'],400,3 Boulevard Compostelle,43.31873,5.42836,1,5.0
264,Snack du Parc de la Moline,"['Fast Food', 'Chocolatiers & Shops']",313,Cité Py,43.3145,5.42536,1,3.0
265,Le Pacifique,['Chinese'],1048,48 avenue Emmanuel Allard,43.28984,5.44009,51,4.0
266,La Table du 12ème,"['Barbeque', 'Steakhouses']",62,66 rue St Jean du Desert,43.29932,5.43628,2,4.5
267,Le fournil des trois bastides,['Bakeries'],62,62 rue Saint Jean du désert,43.29932,5.43628,1,4.0
268,fast food chinois,"['Fast Food', 'Chinese']",218,,43.2985444,5.4337465,1,4.0
269,Parc De La Mirabelle,"['Obstetricians & Gynecologists', 'Parks']",849,avenue William-Booth,43.2959427,5.4461831,6,4.0
270,Sushi Koste,['Fast Food'],412,101 av de la fourragère,43.299424,5.430352,1,4.0
271,Le Vieux Moulin,['French'],400,82 Chemin du Merlan,43.3392476,5.4078603,2,4.5
272,Boucherie des Prairies,"['Rotisserie Chicken', 'Meat Shops']",1038,Centre commercial des Prairies,43.3422507387925,5.42001452296972,1,5.0
273,Pizzeria La Grotte,['Pizza'],342,71 ave du Merlan,43.33832,5.40752,1,2.0
274,Pizza Saint Mitre,"['Pizza', 'Italian']",1022,128 Château Gombert,43.3419814,5.4200555,1,5.0
275,Les Terasses de Saint Mitre,['French'],756,57 Chemin des serens,43.34187,5.41533,1,4.0
276,Pizza Lambada,"['Pizza', 'Italian']",37,208 rue Charles Kaddouz,43.3169,5.4371902,1,1.0
277,Euro Pizza,['Pizza'],542,82 boulevard de Beaumont,43.31235,5.43835,1,5.0
278,Beaumont Pizza,"['Pizza', 'Italian']",950,260 avenue du 24 Avril 1915,43.3087279,5.439154,4,4.0
279,La Baguette Imperiale II,"['Fast Food', 'Chinese']",936,191 ave du 24 avril 1915,43.3088968,5.4394232,5,2.5
280,Piazza Romana,"['Pizza', 'Italian']",1012,193 avenue des Olives,43.32535,5.442135,1,5.0
281,Canal Saint Julien,['Parks'],1074,122 Chemin des Anémones,43.3104433744062,5.44644501060247,1,4.0
282,Jean-Luc Mouradchalian,"['Bars', 'Cafes']",939,181 avenue du 24 avril 1915,43.3087835,5.4388339,1,1.0
283,Elyssa,"['Moroccan', 'Middle Eastern']",73,26 quai de Rive Neuve,43.292585,5.369276,10,4.5
284,The Shamrock,"['Pubs', 'Beer Bar']",186,16/17 quai de Rive Neuve,43.293,5.37065,117,4.0
285,Taquería Loka,"['Mexican', 'Tapas Bars']",233,126 rue Sainte,43.2908199,5.36702,11,4.5
286,Le Bistrot des Dames,['Bistros'],268,34 place aux Huiles,43.29235,5.37181,21,4.5
287,L'Aromat,['French'],185,49 rue Sainte,43.29212,5.37383,117,4.0
288,Brocéliande,"['Creperies', 'Brasseries']",187,9 rue Euthymenes,43.292965,5.373082,67,4.0
289,La Poule Noire,['French'],195,61 rue Sainte,43.291975,5.37325,43,4.0
290,Sylvain Depuichaffray,"['Bakeries', 'Tea Rooms', 'Patisserie/Cake Shop']",168,66 rue Grignan,43.291756,5.375004,66,4.5
291,La Velada,"['Mediterranean', 'Pizza']",143,31 Rue Endoume,43.2879,5.36629,32,4.0
292,Moon Burger,"['Fast Food', 'Burgers']",293,29 bd de la Corderie,43.2902622,5.3697134,27,4.0
293,Four des Navettes,['Bakeries'],175,136 rue Sainte,43.29071,5.36639,98,3.5
294,Abbaye Saint-Victor,"['Landmarks & Historical Buildings', 'Churches', 'Festivals']",140,3 rue de l'Abbaye,43.290324211293,5.3656525642453,28,4.0
295,Apsara,['Cambodian'],168,151 rue Sainte,43.2906803318627,5.36669926071318,34,4.5
296,Al Dente,['Italian'],129,10 rue Edmond Rostand,43.2893681,5.3798156,256,4.0
297,Le Julien,"['Lyonnais', 'Mediterranean', 'French Southwest']",136,114 Rue Paradis,43.28857,5.37882,46,4.0
298,Minoofi,"['Bakeries', 'Coffee & Tea', 'Patisserie/Cake Shop']",63,104 rue Paradis,43.2892,5.37855,87,4.0
299,La Table Ronde,['Creperies'],98,24 rue Sylvabelle,43.289491,5.379474,137,4.0
300,Victor Café,"['Mediterranean', 'Breakfast & Brunch', 'Lounges']",159,New Hotel of Marseille,43.2919,5.35964,80,4.0
301,Le Carré Bistromanie,['Brasseries'],228,Sofitel Marseille Vieux Port,43.29235,5.36106,180,4.0
302,Palais du Pharo,"['Landmarks & Historical Buildings', 'Venues & Event Spaces']",169,58 bd Charles Livon,43.2937,5.3587,22,4.5
303,Chez Michel,['Seafood'],266,6 rue des Catalans,43.2907,5.35595,34,4.0
304,Restaurant Rowing Club,"['Wine Bars', 'Breakfast & Brunch', 'Tapas/Small Plates']",308,34 boulevard Charles Livon,43.293049,5.361109,51,3.5
305,Le Chalet du Pharo,['Mediterranean'],367,58 boulevard Charles Livon,43.293934731323,5.3594042576426,49,4.0
306,Les Trois Forts,"['Mediterranean', 'French']",260,36 boulevard Charles Livon,43.292857,5.36023,21,4.0
307,Le Charles Livon,['French'],153,89 boulevard Charles Livon,43.291807,5.358253,44,3.5
308,Abaco,['French'],191,38 B Rue Papety,43.29068,5.35688,25,4.5
309,Les Akolytes,"['French', 'Modern European']",220,41 rue Papety,43.29057,5.35613,26,3.5
310,La Maison des Raviolis,"['Dim Sum', 'Pan Asian']",86,14 rue d'Italie,43.2902787,5.3817895,29,4.0
311,Sushi Resto,"['Sushi Bars', 'Japanese']",162,27 bis rue d'Italie,43.28969,5.38227,124,4.0
312,Zia Concetta,"['Trattorie', 'Imported Food']",45,111 rue d'Endoume,43.28686,5.36378,8,4.5
313,Le Péron,"['Modern European', 'Seafood']",504,56 Corniche Kennedy,43.287953,5.352196,164,4.0
314,Le Vésuvio,"['Italian', 'Pizza']",190,33 rue Decazes,43.28726,5.35983,34,4.0
315,Le Petit Pavillon,"['French', 'Bars']",329,54 Pro Corniche John Kennedy,43.2884,5.35279,44,3.5
316,Welcome Café,['Bistros'],23,2 rue des Catalans,43.29031,5.3561,6,4.0
317,Bière de la Plaine,"['Beer Bar', 'Breweries']",281,16 rue Saint Pierre,43.29367,5.38762,9,5.0
318,Da Romano,['Italian'],69,229 Rue Paradis,43.2829,5.3812,10,4.5
319,Culti,"['Lounges', 'Mediterranean', 'Tobacco Shops']",41,222 chemin Roucas Blanc,43.28064,5.36892,11,3.5
320,Chez Fonfon,['Seafood'],47,140 rue Vallon des Auffes,43.28558655941,5.3512560927419,199,3.5
321,Chez Jeannot,['Pizza'],85,129 rue Vallon des Auffes,43.285377799765,5.3516163391364,202,3.0
322,Monument aux Morts de l' Armée d'Orient et des Terres Lointaines,['Landmarks & Historical Buildings'],43,Square Lieutenant-Danjaume,43.286013,5.350302,7,4.0
323,Vallon des Auffes,['Landmarks & Historical Buildings'],22,Vallon des Auffes,43.2857399,5.35109,45,4.5
324,Le Bistrot Plage,['Lounges'],50,60 Corniche Kennedy,43.28613,5.35107,88,3.0
325,La Cave de Baille,['Wine Bars'],70,133 bd Baille,43.2884219,5.3922169,29,4.0
326,Anse de Malmousque,"['Local Flavor', 'Landmarks & Historical Buildings']",217,30 rue de Malmousque,43.2829,5.34937,20,4.5
327,La Vague Gourmande,['Bakeries'],46,209 Pro Corniche John Kennedy,43.28286,5.35068,12,4.0
328,AM par Alexandre Mazzia,"['Modern European', 'French']",644,9 rue François Rocca,43.2698878,5.3855019,14,4.5
329,Le Gran Café,"['Bistros', 'Buffets']",510,158 rue Jean Mermoz,43.271418,5.386922,16,4.5
330,Pierrot Coquillages,['Seafood'],657,355 avenue du Prado,43.270356,5.388081,11,4.5
331,L'Atéo,"['French', 'Mediterranean']",241,355 Corniche du Président John F Kennedy,43.2933692932129,5.3713002204895,4,4.5
332,China Diner,['Pan Asian'],226,353 Promenade Corniche John Kennedy,43.27158,5.36293,22,4.0
333,Plage du Prophète,['Beaches'],98,Plage du Prophète,43.2728309593578,5.36214351654053,33,3.5
334,Le 8ème Sud,['French'],1308,51 promenade Georges Pompidou,43.2648514,5.3738362,37,3.5
335,L'Aromence,"['Brasseries', 'Provencal']",99,8-12 rue Liandier,43.2776,5.38923,8,4.5
336,Le Balagan,"['Soup', 'Desserts', 'Salad']",284,99 rue Rouet,43.28041,5.38996,21,4.0
337,Le Zinc,"['French', 'Mediterranean']",306,182 rue du Rouet,43.27633,5.39465,63,4.0
338,Le Vin Sobre,"['Beer, Wine & Spirits', 'Bistros', 'Brasseries']",170,56 Rue Négresko,43.269078,5.388482,10,4.5
339,Un Jardin en Ville,"['French', 'Pizza']",149,22 avenue de Mazargues,43.2693,5.38827,7,4.5
340,Le Café des Thés,"['Tea Rooms', 'Bagels', 'Delicatessen']",242,6 bd Émile Sicard,43.27164,5.38663,5,4.5
341,La Maronaise Café,"['Cafes', 'Brasseries']",1168,2 place de l'Amiral Muselier,43.2639406605664,5.37415981292725,18,4.5
342,Parc Borély,['Parks'],998,Ave du Parc Borély,43.26277,5.37881,86,4.5
343,Le 3615,"['Bars', 'Karaoke', 'Brasseries']",14,38 Rue Négresko,43.2694477592367,5.38942578761988,11,2.5
344,Emilio,"['Italian', 'Delicatessen']",153,70 avenue de Mazargue,43.26808,5.38891,29,4.0
345,Le Despy,"['Salad', 'Burgers', 'Tex-Mex']",786,137 boulevard de la Blancarde,43.3034554553727,5.40512517074105,1,5.0
346,Le Katana,['French'],917,88 bd de Roux,43.3071122134665,5.40863290429115,1,5.0
347,Lyon Pizza,"['Pizza', 'Italian']",280,187 Avenue Capelette,43.2805569,5.4081433,5,4.0
348,Chez Mem,['Thai'],283,194 Avenue de la Capelette,43.279957,5.409636,4,4.0
349,Taki Thai,"['Fast Food', 'Pan Asian']",397,125 avenue Capelette,43.28139,5.40533,10,3.0
350,Regina,"['Restaurants', 'Bars']",276,203 Avenue Capelette,43.2803097,5.4088377,3,3.5
351,Les Calanques de Marseille,['Local Flavor'],892,,43.22665,5.3687,43,4.5
352,Dubble,['Fast Food'],299,515 Avenue Prado,43.2646888536653,5.37976505392955,7,4.0
353,Le David,['Brasseries'],379,99 promenade Georges-Pompidou,43.26248,5.37451,57,3.5
354,Sport Beach,"['Lounges', 'Mediterranean']",756,Escale Borely,43.2554933,5.376276,206,3.0
355,Pizza Fabio,['Pizza'],161,296 bd romain rolland,43.2723479852358,5.41076314047086,2,4.5
356,Le Mawuna,['African'],218,15 Rue Belle-Ombre,43.26952,5.408435,9,3.5
357,L'instant Gourmand,['Bistros'],215,343 bd Romain Rolland,43.27173,5.41002,1,3.0
358,Piz'Mazal,"['Pizza', 'Kosher']",241,293 bd Romain Rolland,43.2726,5.41164,2,3.5
359,Alice et Arsen,['Bakeries'],313,397 Boulevard Romain Rolland,43.2697414,5.4061265,3,4.0
360,Germain Boulanger,['Bakeries'],214,297 bd Romain Rolland,43.27257,5.41137,2,3.0
361,Café Borély,['French'],129,Château Borely - Pavillon Est,43.256916,5.382477,13,4.0
362,O'Brady's Irish Pub,"['Pubs', 'Brasseries', 'Irish Pub']",1018,378 avenue de Mazargues,43.2588698253649,5.3941298755301,159,4.5
363,Restaurant du Golden Tulip Villa Massalia,"['Bars', 'Mediterranean']",104,17 place Louis Bonnefon,43.254912,5.381742,18,3.5
364,Le Central Park,['French'],18,159 Avenue Clot Bey,43.2558832,5.3824471,4,4.5
365,La Parenthèse,"['Wine Bars', 'Tapas/Small Plates', 'Mediterranean']",878,2 impasse de Riou,43.249549,5.375588,49,4.5
366,Question de Goût,['French'],882,147 Avenue Joseph Vidal,43.24961,5.3754,129,4.0
367,Roma Pizzas,['Pizza'],18,159 avenue Clot Bey,43.25594,5.38248,1,5.0
368,Le Greenwich,['French'],60,142 avenue Pierre Mendès France,43.254846,5.375716,24,3.5
369,L'Indigo,"['Tex-Mex', 'Mexican', 'Tapas Bars']",75,142 avenue Pierre Mendès France,43.255055,5.375533,67,3.0
370,Chez Quan,"['Chinese', 'Vietnamese']",32,Escale Borély,43.2547627,5.3761499,95,3.0
371,La Grande Italia,['Italian'],132,148 avenue Pierre-Mendès France,43.2549164,5.3761473,66,3.0
372,Equinoxe,"['Lounges', 'Brasseries', 'Creperies']",57,142 Avenue Pierre Mendès France,43.2549918,5.3757484,41,3.0
373,Brasserie le Turf,"['Sushi Bars', 'Brasseries']",43,412 Avenue De Mazargues,43.25783,5.39436,37,3.5
374,Tabi No Yume,['Japanese'],191,1 bd Sainte-Anne,43.256543,5.393847,17,4.0
375,Le Palais d'Asie,['Restaurants'],101,33 boulevard Luce,43.25736,5.3944,25,4.0
376,Tresors d'Armenie,['Armenian'],173,475 avenue de Mazargues,43.25668,5.39403,8,4.0
377,Restaurant Le Grand Pin,['French'],153,430 Avenue Mazargues,43.2568399,5.3939199,5,4.5
378,Sodexho,[],48,5 Rue Verdillon,43.2753113,5.4249827,3,1.5
379,Parc de la Maison Blanche,['Parks'],1155,Boulevard Paul Claudel,43.266572,5.416238,13,4.5
380,Jean Sauveur,"['Pizza', 'Napoletana']",876,33 Boulevard de Saint-Loup,43.282006,5.429565,3,5.0
381,Coq D'Or Center,"['Butcher', 'Bakeries', 'Fruits & Veggies']",462,79 boulevard Romain Rolland,43.2789666954633,5.42268633842468,1,5.0
382,La Table des Garrigues,['Provencal'],723,42 rue Pierre Doize,43.280555,5.429254,3,3.0
383,Quick,['Fast Food'],508,77 rue Pierre Doize,43.2787034,5.4282639,2,1.5
384,Gimy,"['Kebab', 'Pizza', 'Fast Food']",754,137 bd Romain Rolland,43.27408,5.41466,1,4.0
385,Top Indien Express,"['Indian', 'Food Delivery Services']",1341,253 ave de la Capelette,43.2794418,5.4113698,1,4.0
386,Le Jardin,['French'],806,66 rue Sebastien Marcaggi,43.246217,5.402716,11,4.5
387,Da Paolo,"['Pizza', 'Rotisserie Chicken']",442,23 chemin du Lancier,43.2476082,5.39713,6,4.5
388,Musée d'Art Contemporain,"['Museums', 'Art Galleries']",453,69 avenue d'Haïfa,43.2503407747574,5.38965070655857,25,3.5
389,La Terrasse du Grand Saint-Giniez,['French'],83,131 avenue de Mazargues,43.2658195,5.3903999,1,2.0
390,Le Starlight,['Brasseries'],502,Avenue de Hambourg,43.247897,5.390639,11,3.5
391,Le Fournil de Mazargues,['Bakeries'],202,711 avenue Mazargues,43.24948,5.39677,2,3.0
392,Ô Lapin Blanc,['Bistros'],218,12 bd des Joncs,43.24886,5.38188,8,4.0
393,La Crêperie Bretonne Triskell,['Creperies'],618,147 avenue Joseph Vidal,43.24961,5.3753994,51,4.0
394,Les Trottoirs Marseillais,['Mediterranean'],1054,5 Place Joseph Vidal,43.2433426788449,5.37003993988037,84,4.0
395,The Red Lion,['Pubs'],638,231 avenue Pierre Mendès France,43.2499681,5.3754064,218,3.5
396,La Serenata,['Italian'],606,37 avenue de la Pointe Rouge,43.2478358882173,5.37471032135061,29,3.5
397,Pascal's Kitchen,"['Thai', 'French']",235,46 ave de Montredon,43.2421,5.36918,55,4.0
398,La Riviera,['Seafood'],97,Place Joseph Vidal,43.2444055676211,5.36976099014282,57,3.5
399,Gelati Nino,['Ice Cream & Frozen Yogurt'],53,59 avenue de Montredon,43.24346,5.37055,32,4.0
400,L'Escale,"['Pizza', 'Brasseries', 'Creperies']",151,22 avenue Montredon,43.2446859,5.3722434,34,3.0
401,Le Tropicana,"['Pizza', 'Italian']",84,46 avenue de Montredon,43.244519,5.371319,22,3.5
402,Le Petit Mousse,"['French', 'Pizza', 'Karaoke']",33,28 Avenue Montredon,43.243978,5.371129,33,3.0
403,Restaurant et Lycée-CFA hôteliers et de Tourisme de Marseille,"['Cooking Classes', 'Provencal']",170,114 Avenue André-Zenatti,43.245801,5.392991,2,2.5
404,Le Pti Nico,"['Brasseries', 'French']",553,9 place Robespierre,43.2473907,5.40137,2,4.5
405,O'Douceurs Givrées,['Ice Cream & Frozen Yogurt'],622,77 rue Emile Zola,43.2466,5.40263,1,5.0
406,Chez Viet,['Vietnamese'],713,37 boulevard de la Concorde,43.2492631806817,5.40228252455996,1,4.0
407,Restaurant Pizzeria du Roy d'Espagne,['Pizza'],735,6 bd Vélasquez,43.24171,5.38803,3,3.0
408,Parc de Montredon - Campagne Pastré,"['Botanical Gardens', 'Parks']",873,157 ave de Montredon,43.23995,5.36684,23,4.5
409,Via Roma,['Italian'],867,19 Avenue de la Pointe Rouge,43.24821,5.37514,113,3.5
410,Le Siam,['Thai'],258,25 promenade du Grand Large,43.241038,5.36374,16,3.5
411,Au Bord de l'Eau,"['Seafood', 'Mediterranean']",1286,15 rue des Arapèdes,43.2322599,5.35394,202,4.0
412,Les Mille Saveurs,['Bakeries'],13,146 avenue Montredon,43.2396699,5.36628,1,3.0
413,L'Orchidée,['Mediterranean'],249,3 Boulevard Beaurivage,43.238014,5.36404,4,3.0
414,Les Delices du Roy,['French'],79,20 Chemin Roi d'espagne,43.2424548,5.396911,1,3.0
415,Le Pouce de César,['Landmarks & Historical Buildings'],1148,Rond-point Pierre Guerre,43.25034,5.38925,5,4.5
416,Chez Aldo,"['Seafood', 'Pizza', 'Wine Bars']",164,28 Rue Audemar Tibido,43.23271,5.35382,97,4.0
417,Connolly's Corner,['Irish Pub'],8,2 avenue Madrague de Montredon,43.232,5.35557,35,4.0
418,Les Tamaris,"['Pizza', 'French']",463,40 bd Calanque de Samena,43.22867,5.35197,97,3.5
419,Roger Forni,['Bakeries'],20,202 Avenue Madrague de Montredon,43.2320887,5.3556582,1,5.0
420,Bar Amical,"['Coffee & Tea', 'Brasseries']",50,196 ave Madrague de Montredon,43.2323,5.3558199,2,4.5
421,Le Petit Port,"['Pizza', 'Seafood']",892,Route des Goudes,43.2254099,5.34883,46,3.5
422,Plage de l'Abricotier,['Beaches'],809,boulevard des Baigneurs,43.237284,5.3623,14,4.0
423,Le Tiboulen de Maïre,"['French', 'Seafood']",892,Chemin Goudes,43.22578,5.34846,23,3.0
424,Le Luminyen,['Fast Food'],180,184 Avenue Luminy,43.2301616,5.4367485,8,3.5
425,Les Terrasses du Phocéen,['French'],838,Rue Henri Cochet,43.23814,5.43211,8,4.0
426,Camion Snack de Luminy,"['Sandwiches', 'Food Trucks', 'Fast Food']",445,163 avenue de Luminy,43.2366805,5.4360328,4,4.5
427,ca slam chez moi,['Bars'],811,119 traverse de la seigneurie,43.2387199,5.4132638,1,5.0
428,Franceschi Mathieu,['Pizza'],811,74 bd Saint Marguerite,43.2290357,5.4463322,2,4.0
429,Tennis Club Phocéen,"['Bistros', 'Brasseries', 'Buffets', 'Tennis']",829,Rue Henri Cochet,43.2382136,5.4322919,1,3.0
430,Restaurant U,['Education'],734,171 Avenue De Luminy,43.238096,5.43562,1,3.0
431,La Source de Jade,"['Vietnamese', 'Chinese']",6,3 rue Trois Frères Barthélémy,43.2926657342473,5.38418351034238,52,4.0
432,Le Baron Perché,"['Italian', 'French', 'Mediterranean']",207,45 rue Châteaubriand,43.28636,5.35923,49,4.0
433,La Mascotte,['Bakeries'],6,250 Rue D Endoume,43.28454,5.35874,4,3.5
434,Pizzeria les Deux Frangins,"['Food Delivery Services', 'Pizza']",259,60 Boulevard Bompard,43.28283,5.36084,22,3.5
435,Les Mains Libres,['Bakeries'],44,117 bd Chave,43.29553,5.3939,4,5.0
436,Paul,['Bakeries'],242,1 place Ernest Delibes,43.279314,5.38309,10,4.0
437,Sushi Shop,"['Japanese', 'Sushi Bars']",243,335 rue Paradis,43.27886,5.38306,31,3.5
438,Villa Bagatelle - Mairie des 6ème et 8ème arrondissements,"['Landmarks & Historical Buildings', 'Parks']",312,125 rue du Commandant Rolland,43.2695062556286,5.38162172195132,12,4.5
439,Haribo,['Bakeries'],722,9 bd Gay Lussac,43.33155,5.3746993,27,4.0
440,La Pergola,['French'],640,175 chemin de la Madrague ville,43.328982,5.359038,2,4.5
441,Parc François Billoux,"['Botanical Gardens', 'Parks']",366,246 Rue Lyon,43.331309,5.364861,3,5.0
442,Cap Arnavaux,['Restaurants'],757,9 Boulevard Gay Lussac,43.33257409,5.37428902,1,3.0
443,Rotisserie des Saveurs,['Mediterranean'],505,130 chemin de la Madrague,43.330758,5.357577,2,4.5
444,Toran Aygalades,['Fast Food'],399,151 Avenue des Aygalades,43.3431458,5.36561984,1,3.0
445,Restaurant Chez Marie-France et Christine,['Restaurants'],697,45 boulevard Barbès,43.32596,5.37495,1,5.0
446,Bar Restaurant Tranquille,"['French', 'Bars']",671,102 bd Danielle Casanova,43.325306,5.374062,1,4.0
447,pâtisserie L'Orientale,"['Bakeries', 'Middle Eastern']",941,130ch de la Madrague ville,43.3304229,5.3578521,1,4.0
448,Lyon Pizza Nord,"['Pizza', 'Italian']",683,249 Rue Lyon,43.3340867,5.3637979,2,4.5
449,La Statue du David,['Landmarks & Historical Buildings'],193,99 promenade Georges Pompidou,43.261882143367,5.3747155965575,16,4.0
450,Bombay Grill,"['Indian', 'Pakistani']",530,79 Pro Georges Pompidou,43.26476,5.37342,11,4.0
451,318 Cité Radieuse,"['Cafes', 'Concept Shops', 'Fashion']",139,280 bd Michelet,43.2617682,5.3969336,5,3.5
452,Le San Michel,"['Tobacco Shops', 'Brasseries']",73,104 avenue Hambourg,43.2488326,5.3907687,4,3.5
453,Ô Buffet,"['Buffets', 'French', 'Seafood']",119,1 avenue de la Pointe Rouge,43.2488054,5.3752775,5,4.0
454,Le Thalassa Café,['Brasseries'],136,1 avenue de la Pointe Rouge,43.24901,5.37517,39,3.5
455,L'Authentique,['Fast Food'],100,17 avenue Pointe Rouge,43.248163,5.375643,87,3.5
456,Planetalis,['Fast Food'],297,124 avenue Hambourg,43.2493021,5.3901631,3,3.0
457,Le fournil des délices,['Bakeries'],118,92 avenue André Zénatti,43.24668,5.38559,1,3.0
458,Jardin Guy Azaïs,"['Parks', 'Playgrounds']",18,225 ave de la capelette,43.27988952,5.40985882,1,4.0
459,Casa Italia,['Italian'],95,259 avenue de la capelette,43.2793007,5.4117799,1,4.0
460,Le Petit Plat,['Brasseries'],230,285 avenue Prado,43.27306,5.39152,22,3.5
461,Chez Zé,['Pizza'],935,402 chemin de Morgiou,43.23437,5.41104,29,3.5
462,Brasserie des Calanques,['Brasseries'],344,ZAC Baou de Sormiou,43.2316228,5.4051399,2,4.0
463,Chez Rose,['Mediterranean'],344,ZAC Baou de Sormiou,43.2316228,5.4051399,1,5.0
464,La Crêperie Savana du Marseille,['Creperies'],515,6 bd des 2 Canards,43.22716771,5.40054881,1,5.0
465,Le Lion d'Or,['Restaurants'],18,214 Avenue Chartreux,43.3124396,5.4016596,1,5.0
466,Esprit Sushi,['Sushi Bars'],87,208 Avenue Des Chartreux,43.31191,5.40116,3,3.5
467,Allo Crepes,"['Creperies', 'Food Delivery Services']",95,24 ave de Saint Just,43.3133,5.40237,3,3.0
468,Parc de la Bastide,"['Botanical Gardens', 'Parks']",1132,Boulevard Central,43.34282,5.380168,3,5.0
469,Le Fournil de Saint Joseph,['Bakeries'],655,134 Chemin St Joseph À Ste Marthe,43.34182,5.38684,4,4.0
470,Le Rustic,"['French', 'Pubs']",1176,27 bd Central,43.3439,5.3806,4,3.0
471,Le Bistrot Marseillais,['Restaurants'],818,35 Chemin St Mitre A Four De Buze,43.3478,5.41337,1,5.0
472,Starbucks,['Coffee & Tea'],239,17 Rue République,43.297680353066,5.3727738103215,61,3.5
473,Le Gepetto,"['Pizza', 'French', 'Italian']",769,241 Place Louis Nazury,43.25751,5.41857,69,3.5
474,Le Viton,['French'],174,16 avenue Viton,43.26,5.40758,4,3.0
475,Les Tilleuls,"['Seafood', 'Mediterranean', 'Pizza']",1173,110 bd du Redon,43.25288,5.42132,15,3.0
476,douce pizza,"['Pizza', 'Italian']",475,15 joseph aiguier,43.2580052,5.4035804,1,5.0
477,Pépé Pizza,"['Pizza', 'Italian']",628,203 Boulevard Ste Marguerite,43.2646515,5.4096396,6,4.0
478,Jardin de la Magalone,['Parks'],929,245 boulevard Michelet,43.261604,5.398378,2,4.5
479,Bar de la Place,['Bars'],621,44 boulevard du Cabot,43.25883,5.41711,4,4.0
480,Le Bien Etre,"['Italian', 'Pizza']",639,3 Boulevard Gillibert,43.26476,5.40925,9,3.0
481,La Rocha,['Lebanese'],404,45 Pro Georges Pompidou,43.2652922,5.3736567,28,3.5
482,Le Coco Bongo,"['Karaoke', 'Bars', 'Ice Cream & Frozen Yogurt']",114,53 promenade Georges Pompidou,43.26476,5.37342,54,3.0
483,Lido Saigon,"['Vietnamese', 'Pan Asian']",114,81 Pro Georges Pompidou,43.26476,5.37342,4,4.5
484,La Cabane du Roucas,"['Dance Clubs', 'Beaches']",337,Plages Gaston Deferre,43.2642219201359,5.36925673484802,7,4.5
485,Le Forum,"['Ice Cream & Frozen Yogurt', 'Cocktail Bars']",178,10 Place Amiral Muselier,43.264347,5.374055,15,4.0
486,Le Bistrot,['Brasseries'],66,2 Boulevard De Pont De Vivaux,43.28158,5.42561,1,3.0
487,Torrefaction Noailles,"['Coffee & Tea', 'Cafes']",384,88 Boulevard St Loup,43.2825,5.431,2,4.0
488,Manuel Cluzol,"['Chocolatiers & Shops', 'Patisserie/Cake Shop', 'Ice Cream & Frozen Yogurt']",328,74 bd de Saint-Loup,43.2823,5.43036,2,5.0
489,Le Kallisté,"['Pizza', 'French']",248,76 Avenue du 24 avril 1915,43.307898,5.432212,5,4.0
490,Spok,"['Sandwiches', 'Soup']",167,62 bd Edouard Herriot,43.27238,5.38893,3,4.5
491,Le Cherche Midi,"['Fast Food', 'Salad']",217,33 bd Edouard Herriot,43.27222,5.38834,6,4.5
492,Brasserie du Stade,['Restaurants'],253,26 Boulevard Michelet,43.27103,5.39194,19,4.0
493,Salon du Chocolat de Marseille,"['Desserts', 'Shopping']",39,Parc Chanot,43.2725105,5.3913898,6,3.5
494,L'Obelisque de Mazargues,['Landmarks & Historical Buildings'],55,Rond Point de Mazargues,43.25063,5.40349,4,3.5
495,Kiosque de L'Obélisque,['Sandwiches'],55,Rond-point de Mazargues,43.25063,5.40349,1,5.0
496,Zinc Zinc les Docks,"['Tapas Bars', 'French']",931,,43.3174701,5.3599355,3,3.5
497,Le Scoop Provence,['Restaurants'],412,249 Avenue Roger Salengro,43.32137,5.36762,1,4.0
498,Tour CMA CGM,['Landmarks & Historical Buildings'],979,4 Quai Arenc,43.31598,5.36473,9,3.5
499,Le Cabot,"['Brasseries', 'Tobacco Shops']",554,54 bd du Cabot,43.2582512,5.4176798,1,4.0
500,Crêpes des lys,['Creperies'],548,53 bd du Cabot,43.2587452,5.4174267,2,5.0
